<?xml version="1.0" encoding="UTF-8"?>
<mxfile host="app.diagrams.net" agent="Mozilla/5.0 (Windows NT 10.0; Win64; x64) AppleWebKit/537.36 (KHTML, like Gecko) Chrome/140.0.0.0 Safari/537.36" scale="1" border="0" version="28.2.3">
  <diagram name="Truelec WAN Connectivity - All Sites" id="0">
    <mxGraphModel dx="1042" dy="579" grid="1" gridSize="10" guides="1" tooltips="1" connect="1" arrows="1" fold="1" page="1" pageScale="1" pageWidth="850" pageHeight="1100" math="0" shadow="0">
      <root>
        <mxCell id="0" />
        <mxCell id="1" parent="0" />
        <mxCell id="NMDnhR6JPrNVClqawyGf-1" value="" style="rounded=0;whiteSpace=wrap;html=1;" vertex="1" parent="1">
          <mxGeometry x="50" y="70" width="850" height="460" as="geometry" />
        </mxCell>
        <mxCell id="A" value="HQ - Sydney" style="shape=hexagon;fillColor=#3498DB;fontColor=#ffffff;strokeColor=#21618C;whiteSpace=wrap;html=1;" parent="1" vertex="1">
          <mxGeometry x="300" y="100" width="180" height="70" as="geometry" />
        </mxCell>
        <mxCell id="B" value="WAN/ISP Cloud" style="shape=cloud;fillColor=#9B59B6;fontColor=#ffffff;strokeColor=#6C3483;whiteSpace=wrap;html=1;" parent="1" vertex="1">
          <mxGeometry x="300" y="250" width="180" height="70" as="geometry" />
        </mxCell>
        <mxCell id="C" value="Branch - Darwin" style="shape=ellipse;fillColor=#2ECC71;fontColor=#ffffff;strokeColor=#1E8449;whiteSpace=wrap;html=1;" parent="1" vertex="1">
          <mxGeometry x="100" y="400" width="180" height="70" as="geometry" />
        </mxCell>
        <mxCell id="D" value="Branch - Melbourne" style="shape=ellipse;fillColor=#F39C12;fontColor=#000000;strokeColor=#B9770E;whiteSpace=wrap;html=1;" parent="1" vertex="1">
          <mxGeometry x="300" y="400" width="180" height="70" as="geometry" />
        </mxCell>
        <mxCell id="E" value="Branch - Brisbane" style="shape=ellipse;fillColor=#E74C3C;fontColor=#ffffff;strokeColor=#922B21;whiteSpace=wrap;html=1;" parent="1" vertex="1">
          <mxGeometry x="500" y="400" width="180" height="70" as="geometry" />
        </mxCell>
        <mxCell id="F" value="Branch - Perth" style="shape=ellipse;fillColor=#1ABC9C;fontColor=#ffffff;strokeColor=#117864;whiteSpace=wrap;html=1;" parent="1" vertex="1">
          <mxGeometry x="700" y="400" width="180" height="70" as="geometry" />
        </mxCell>
        <mxCell id="AB" value="Primary WAN Link" style="endArrow=block;strokeColor=#34495E;fontColor=#000000;strokeWidth=2;dashed=1;" parent="1" source="A" target="B" edge="1">
          <mxGeometry relative="1" as="geometry" />
        </mxCell>
        <mxCell id="BC" value="VPN/MPLS" style="endArrow=block;strokeColor=#34495E;fontColor=#000000;strokeWidth=2;dashed=1;" parent="1" source="B" target="C" edge="1">
          <mxGeometry relative="1" as="geometry" />
        </mxCell>
        <mxCell id="BD" value="VPN/MPLS" style="endArrow=block;strokeColor=#34495E;fontColor=#000000;strokeWidth=2;dashed=1;" parent="1" source="B" target="D" edge="1">
          <mxGeometry relative="1" as="geometry" />
        </mxCell>
        <mxCell id="BE" value="VPN/MPLS" style="endArrow=block;strokeColor=#34495E;fontColor=#000000;strokeWidth=2;dashed=1;" parent="1" source="B" target="E" edge="1">
          <mxGeometry relative="1" as="geometry" />
        </mxCell>
        <mxCell id="BF" value="VPN/MPLS" style="endArrow=block;strokeColor=#34495E;fontColor=#000000;strokeWidth=2;dashed=1;" parent="1" source="B" target="F" edge="1">
          <mxGeometry relative="1" as="geometry" />
        </mxCell>
      </root>
    </mxGraphModel>
  </diagram>
</mxfile>
