<?xml version="1.0" encoding="UTF-8"?>
<mxfile host="app.diagrams.net" agent="Mozilla/5.0 (Windows NT 10.0; Win64; x64) AppleWebKit/537.36 (KHTML, like Gecko) Chrome/140.0.0.0 Safari/537.36" scale="1" border="0" version="28.2.3">
  <diagram name="Truelec Security Architecture - Systems Integration" id="0">
    <mxGraphModel dx="1603" dy="891" grid="1" gridSize="10" guides="1" tooltips="1" connect="1" arrows="1" fold="1" page="1" pageScale="1" pageWidth="850" pageHeight="1100" math="0" shadow="0">
      <root>
        <mxCell id="0" />
        <mxCell id="1" parent="0" />
        <mxCell id="XsTtXFHKlitkADCXng6N-1" value="" style="rounded=0;whiteSpace=wrap;html=1;" vertex="1" parent="1">
          <mxGeometry x="55" y="40" width="670" height="790" as="geometry" />
        </mxCell>
        <mxCell id="A" value="Firewall" style="shape=hexagon;fillColor=#E74C3C;fontColor=#ffffff;strokeColor=#C0392B;whiteSpace=wrap;html=1;" parent="1" vertex="1">
          <mxGeometry x="300" y="50" width="180" height="70" as="geometry" />
        </mxCell>
        <mxCell id="B" value="VPN Gateway" style="shape=trapezoid;fillColor=#3498DB;fontColor=#ffffff;strokeColor=#21618C;whiteSpace=wrap;html=1;" parent="1" vertex="1">
          <mxGeometry x="100" y="160" width="180" height="70" as="geometry" />
        </mxCell>
        <mxCell id="C" value="IDS/IPS" style="shape=parallelogram;fillColor=#9B59B6;fontColor=#ffffff;strokeColor=#6C3483;whiteSpace=wrap;html=1;" parent="1" vertex="1">
          <mxGeometry x="500" y="160" width="180" height="70" as="geometry" />
        </mxCell>
        <mxCell id="D" value="Network Segmentation" style="shape=rectangle;fillColor=#1ABC9C;fontColor=#ffffff;strokeColor=#117864;whiteSpace=wrap;html=1;" parent="1" vertex="1">
          <mxGeometry x="300" y="270" width="180" height="70" as="geometry" />
        </mxCell>
        <mxCell id="E" value="Switches &amp; Routers" style="shape=ellipse;fillColor=#F39C12;fontColor=#000000;strokeColor=#B9770E;whiteSpace=wrap;html=1;" parent="1" vertex="1">
          <mxGeometry x="300" y="380" width="180" height="70" as="geometry" />
        </mxCell>
        <mxCell id="F" value="WAF" style="shape=hexagon;fillColor=#FF6F61;fontColor=#ffffff;strokeColor=#D84315;whiteSpace=wrap;html=1;" parent="1" vertex="1">
          <mxGeometry x="100" y="490" width="180" height="70" as="geometry" />
        </mxCell>
        <mxCell id="G" value="Secure Servers" style="shape=cylinder;fillColor=#5DADE2;fontColor=#000000;strokeColor=#2E86C1;whiteSpace=wrap;html=1;" parent="1" vertex="1">
          <mxGeometry x="500" y="490" width="180" height="70" as="geometry" />
        </mxCell>
        <mxCell id="H" value="User Devices" style="shape=cloud;fillColor=#2ECC71;fontColor=#ffffff;strokeColor=#27AE60;whiteSpace=wrap;html=1;" parent="1" vertex="1">
          <mxGeometry x="100" y="600" width="180" height="70" as="geometry" />
        </mxCell>
        <mxCell id="I" value="Endpoint Security" style="shape=rectangle;fillColor=#45B39D;fontColor=#ffffff;strokeColor=#148F77;whiteSpace=wrap;html=1;" parent="1" vertex="1">
          <mxGeometry x="500" y="600" width="180" height="70" as="geometry" />
        </mxCell>
        <mxCell id="J" value="SIEM" style="shape=parallelogram;fillColor=#AF7AC5;fontColor=#ffffff;strokeColor=#7D3C98;whiteSpace=wrap;html=1;" parent="1" vertex="1">
          <mxGeometry x="250" y="720" width="180" height="70" as="geometry" />
        </mxCell>
        <mxCell id="K" value="SOC" style="shape=hexagon;fillColor=#34495E;fontColor=#ffffff;strokeColor=#2C3E50;whiteSpace=wrap;html=1;" parent="1" vertex="1">
          <mxGeometry x="450" y="720" width="180" height="70" as="geometry" />
        </mxCell>
        <mxCell id="AB" value="" style="endArrow=block;strokeColor=#2C3E50;fontColor=#000000;strokeWidth=2;" parent="1" source="A" target="B" edge="1">
          <mxGeometry relative="1" as="geometry" />
        </mxCell>
        <mxCell id="AC" value="" style="endArrow=block;strokeColor=#2C3E50;fontColor=#000000;strokeWidth=2;" parent="1" source="A" target="C" edge="1">
          <mxGeometry relative="1" as="geometry" />
        </mxCell>
        <mxCell id="AD" value="" style="endArrow=block;strokeColor=#2C3E50;fontColor=#000000;strokeWidth=2;" parent="1" source="A" target="D" edge="1">
          <mxGeometry relative="1" as="geometry" />
        </mxCell>
        <mxCell id="DE" value="" style="endArrow=block;strokeColor=#2C3E50;fontColor=#000000;strokeWidth=2;" parent="1" source="D" target="E" edge="1">
          <mxGeometry relative="1" as="geometry" />
        </mxCell>
        <mxCell id="EF" value="" style="endArrow=block;strokeColor=#2C3E50;fontColor=#000000;strokeWidth=2;" parent="1" source="E" target="F" edge="1">
          <mxGeometry relative="1" as="geometry" />
        </mxCell>
        <mxCell id="EG" value="" style="endArrow=block;strokeColor=#2C3E50;fontColor=#000000;strokeWidth=2;" parent="1" source="E" target="G" edge="1">
          <mxGeometry relative="1" as="geometry" />
        </mxCell>
        <mxCell id="FH" value="" style="endArrow=block;strokeColor=#2C3E50;fontColor=#000000;strokeWidth=2;" parent="1" source="F" target="H" edge="1">
          <mxGeometry relative="1" as="geometry" />
        </mxCell>
        <mxCell id="GI" value="" style="endArrow=block;strokeColor=#2C3E50;fontColor=#000000;strokeWidth=2;" parent="1" source="G" target="I" edge="1">
          <mxGeometry relative="1" as="geometry" />
        </mxCell>
        <mxCell id="HJ" value="" style="endArrow=block;strokeColor=#2C3E50;fontColor=#000000;strokeWidth=2;" parent="1" source="H" target="J" edge="1">
          <mxGeometry relative="1" as="geometry" />
        </mxCell>
        <mxCell id="IJ" value="" style="endArrow=block;strokeColor=#2C3E50;fontColor=#000000;strokeWidth=2;" parent="1" source="I" target="J" edge="1">
          <mxGeometry relative="1" as="geometry" />
        </mxCell>
        <mxCell id="JK" value="" style="endArrow=block;strokeColor=#2C3E50;fontColor=#000000;strokeWidth=2;" parent="1" source="J" target="K" edge="1">
          <mxGeometry relative="1" as="geometry" />
        </mxCell>
      </root>
    </mxGraphModel>
  </diagram>
</mxfile>
