<?xml version="1.0" encoding="UTF-8"?>
<mxfile host="app.diagrams.net" agent="Mozilla/5.0 (Windows NT 10.0; Win64; x64) AppleWebKit/537.36 (KHTML, like Gecko) Chrome/140.0.0.0 Safari/537.36" version="28.2.3">
  <diagram name="Page-1" id="3xkIpHTU5R_FDEVbXZqT">
    <mxGraphModel dx="1603" dy="1741" grid="1" gridSize="10" guides="1" tooltips="1" connect="1" arrows="1" fold="1" page="1" pageScale="1" pageWidth="1100" pageHeight="850" math="0" shadow="0">
      <root>
        <mxCell id="0" />
        <mxCell id="1" parent="0" />
        <mxCell id="avnWAUVNOTo3vfDIpFxQ-20" value="" style="rounded=0;whiteSpace=wrap;html=1;" vertex="1" parent="1">
          <mxGeometry x="20" y="-10" width="1479.5" height="450" as="geometry" />
        </mxCell>
        <mxCell id="avnWAUVNOTo3vfDIpFxQ-1" value="Corporate SSID: Truelec-Corporate" style="whiteSpace=wrap;strokeWidth=2;fillColor=#e6d0de;gradientColor=#d5739d;strokeColor=#996185;" vertex="1" parent="1">
          <mxGeometry x="60" y="20" width="260" height="78" as="geometry" />
        </mxCell>
        <mxCell id="avnWAUVNOTo3vfDIpFxQ-2" value="WPA3-Enterprise" style="whiteSpace=wrap;strokeWidth=2;fillColor=#d5e8d4;gradientColor=#97d077;strokeColor=#82b366;" vertex="1" parent="1">
          <mxGeometry x="91.5" y="148" width="178" height="54" as="geometry" />
        </mxCell>
        <mxCell id="avnWAUVNOTo3vfDIpFxQ-3" value="RADIUS Authentication" style="whiteSpace=wrap;strokeWidth=2;fillColor=#ffcd28;gradientColor=#ffa500;strokeColor=#d79b00;" vertex="1" parent="1">
          <mxGeometry x="70" y="264" width="221" height="54" as="geometry" />
        </mxCell>
        <mxCell id="avnWAUVNOTo3vfDIpFxQ-4" value="AP Deployment Strategy" style="whiteSpace=wrap;strokeWidth=2;fillColor=#dae8fc;gradientColor=#7ea6e0;strokeColor=#6c8ebf;" vertex="1" parent="1">
          <mxGeometry x="613" y="148" width="233" height="54" as="geometry" />
        </mxCell>
        <mxCell id="avnWAUVNOTo3vfDIpFxQ-5" value="Full Coverage Across HQ and Branch" style="whiteSpace=wrap;strokeWidth=2;fillColor=#f5f5f5;gradientColor=#b3b3b3;strokeColor=#666666;" vertex="1" parent="1">
          <mxGeometry x="380" y="252" width="260" height="78" as="geometry" />
        </mxCell>
        <mxCell id="avnWAUVNOTo3vfDIpFxQ-6" value="20% Overlap for Roaming" style="whiteSpace=wrap;strokeWidth=2;fillColor=#fff2cc;gradientColor=#ffd966;strokeColor=#d6b656;" vertex="1" parent="1">
          <mxGeometry x="600" y="360" width="237" height="54" as="geometry" />
        </mxCell>
        <mxCell id="avnWAUVNOTo3vfDIpFxQ-7" value="Load Balancing Enabled&#xa;Max 50 clients/AP" style="whiteSpace=wrap;strokeWidth=2;fillColor=#dae8fc;gradientColor=#7ea6e0;strokeColor=#6c8ebf;" vertex="1" parent="1">
          <mxGeometry x="837" y="252" width="229" height="78" as="geometry" />
        </mxCell>
        <mxCell id="avnWAUVNOTo3vfDIpFxQ-8" value="Guest SSID: Truelec-Guest" style="whiteSpace=wrap;strokeWidth=2;fillColor=#f8cecc;gradientColor=#ea6b66;strokeColor=#b85450;" vertex="1" parent="1">
          <mxGeometry x="1150" y="32" width="246" height="54" as="geometry" />
        </mxCell>
        <mxCell id="avnWAUVNOTo3vfDIpFxQ-9" value="WPA3-Personal" style="whiteSpace=wrap;strokeWidth=2;fillColor=#e6d0de;gradientColor=#d5739d;strokeColor=#996185;" vertex="1" parent="1">
          <mxGeometry x="1197.5" y="148" width="165" height="54" as="geometry" />
        </mxCell>
        <mxCell id="avnWAUVNOTo3vfDIpFxQ-10" value="Captive Portal + Session Limits" style="whiteSpace=wrap;strokeWidth=2;fillColor=#d5e8d4;gradientColor=#97d077;strokeColor=#82b366;" vertex="1" parent="1">
          <mxGeometry x="1150" y="318" width="260" height="78" as="geometry" />
        </mxCell>
        <mxCell id="avnWAUVNOTo3vfDIpFxQ-11" value="" style="startArrow=none;endArrow=block;exitX=0.48;exitY=1;entryX=0.5;entryY=0;rounded=0;" edge="1" parent="1" source="avnWAUVNOTo3vfDIpFxQ-1" target="avnWAUVNOTo3vfDIpFxQ-2">
          <mxGeometry relative="1" as="geometry" />
        </mxCell>
        <mxCell id="avnWAUVNOTo3vfDIpFxQ-12" value="" style="curved=1;startArrow=none;endArrow=block;exitX=0.5;exitY=1;entryX=0.5;entryY=0;rounded=0;" edge="1" parent="1" source="avnWAUVNOTo3vfDIpFxQ-2" target="avnWAUVNOTo3vfDIpFxQ-3">
          <mxGeometry relative="1" as="geometry">
            <Array as="points" />
          </mxGeometry>
        </mxCell>
        <mxCell id="avnWAUVNOTo3vfDIpFxQ-13" value="" style="startArrow=none;endArrow=block;exitX=0.84;exitY=1;entryX=0;entryY=0.24;rounded=0;" edge="1" parent="1" source="avnWAUVNOTo3vfDIpFxQ-1" target="avnWAUVNOTo3vfDIpFxQ-4">
          <mxGeometry relative="1" as="geometry" />
        </mxCell>
        <mxCell id="avnWAUVNOTo3vfDIpFxQ-14" value="" style="startArrow=none;endArrow=block;exitX=0;exitY=0.88;entryX=0.5;entryY=0;rounded=0;" edge="1" parent="1" source="avnWAUVNOTo3vfDIpFxQ-4" target="avnWAUVNOTo3vfDIpFxQ-5">
          <mxGeometry relative="1" as="geometry" />
        </mxCell>
        <mxCell id="avnWAUVNOTo3vfDIpFxQ-15" value="" style="curved=1;startArrow=none;endArrow=block;exitX=0.5;exitY=1;entryX=0.5;entryY=0;rounded=0;" edge="1" parent="1" source="avnWAUVNOTo3vfDIpFxQ-4" target="avnWAUVNOTo3vfDIpFxQ-6">
          <mxGeometry relative="1" as="geometry">
            <Array as="points" />
          </mxGeometry>
        </mxCell>
        <mxCell id="avnWAUVNOTo3vfDIpFxQ-16" value="" style="startArrow=none;endArrow=block;exitX=1;exitY=0.9;entryX=0.5;entryY=0;rounded=0;" edge="1" parent="1" source="avnWAUVNOTo3vfDIpFxQ-4" target="avnWAUVNOTo3vfDIpFxQ-7">
          <mxGeometry relative="1" as="geometry" />
        </mxCell>
        <mxCell id="avnWAUVNOTo3vfDIpFxQ-17" value="" style="startArrow=none;endArrow=block;exitX=0.51;exitY=1;entryX=0.5;entryY=0;rounded=0;" edge="1" parent="1" source="avnWAUVNOTo3vfDIpFxQ-8" target="avnWAUVNOTo3vfDIpFxQ-9">
          <mxGeometry relative="1" as="geometry" />
        </mxCell>
        <mxCell id="avnWAUVNOTo3vfDIpFxQ-18" value="" style="startArrow=none;endArrow=block;exitX=0.5;exitY=1;entryX=0.5;entryY=0;rounded=0;" edge="1" parent="1" source="avnWAUVNOTo3vfDIpFxQ-9" target="avnWAUVNOTo3vfDIpFxQ-10">
          <mxGeometry relative="1" as="geometry" />
        </mxCell>
        <mxCell id="avnWAUVNOTo3vfDIpFxQ-19" value="" style="startArrow=none;endArrow=block;exitX=0.24;exitY=1;entryX=1;entryY=0.23;rounded=0;" edge="1" parent="1" source="avnWAUVNOTo3vfDIpFxQ-8" target="avnWAUVNOTo3vfDIpFxQ-4">
          <mxGeometry relative="1" as="geometry" />
        </mxCell>
      </root>
    </mxGraphModel>
  </diagram>
</mxfile>
